x,y,z
-0.3928,-0.2397,0.9077
-0.3911,-0.3098,0.8923
-0.4062,-0.3562,0.915
-0.3152,-0.2151,0.9419
-0.4841,-0.3645,0.9131
-0.4182,-0.3586,0.8967
-0.4631,-0.2466,0.8967
-0.3594,-0.2852,0.9187
-0.3376,-0.2776,0.9614
-0.3381,-0.2947,1.0288
-0.2048,-0.1926,1.0876
-0.1584,-0.3867,1.094
-0.1809,-0.3835,1.0259
-0.4214,-0.4011,0.9353
-0.5703,-0.3145,0.7483
-0.7805,-0.2585,0.625
-0.7024,-0.2935,0.6208
-0.7642,-0.2341,0.3767
-0.6985,-0.2222,0.2942
-0.6733,-0.3701,0.1475
-0.5171,-0.5967,0.2961
-0.5198,-0.7927,0.2051
-0.5115,-0.99,0.2124
-0.4429,-1.2859,0.2092
-0.552,-1.2952,0.4177
-0.5437,-1.2402,0.5122
-0.5405,-1.2,0.4456
-0.4631,-1.0681,0.4368
-0.6167,-0.9771,0.4304
-0.7095,-0.8794,0.4739
-0.7668,-0.7571,0.4724
-0.8037,-0.6436,0.4597
-0.8025,-0.6235,0.5798
-0.7559,-0.6748,0.5588
-0.7888,-0.8501,0.5249
-0.6865,-1.1147,0.5068
-0.603,-1.2566,0.4429
-0.5039,-1.4158,0.3899
-0.4705,-1.6448,0.3188
-0.4109,-1.6956,0.1709
-0.2427,-1.5369,0.0659
-0.2168,-1.0813,0.0151
-0.24,-0.7327,0.0127
-0.2593,-0.5535,0.0095
-0.1523,-0.5122,-0.0142
-0.1228,-0.5784,-0.0127
-0.199,-0.7366,0.0374
-0.2966,-0.9722,0.1226
-0.3203,-1.488,0.2014
-0.4653,-1.7817,0.1606
-0.6406,-1.5195,0.467
-0.771,-1.4282,0.7607
-0.6099,-1.2126,0.637
-0.4116,-0.8933,0.6313
-0.5884,-0.7068,0.4612
-0.6167,-0.5994,0.4751
-0.6382,-0.6965,0.5112
-0.6406,-0.9285,0.4519
-0.5361,-1.1453,0.4578
-0.4954,-1.4148,0.4148
-0.4495,-1.5295,0.3394
-0.4458,-1.3394,0.1643
-0.3335,-1.5764,0.0635
-0.2715,-1.4116,-0.0132
-0.2253,-1.0627,-0.0293
-0.2625,-0.8123,-0.0879
-0.2268,-0.5994,-0.0859
-0.1846,-0.5911,-0.0383
-0.2083,-0.6868,0.0122
-0.2456,-0.812,0.0603
-0.3171,-1.1262,0.1294
-0.3975,-1.4282,0.167
-0.5076,-1.4236,0.2466
-0.5427,-1.2329,0.4539
-0.5955,-1.24,0.5112
-0.4197,-1.2307,0.5994
-0.4172,-1.0742,0.6145
-0.531,-0.7717,0.5759
-0.5271,-0.6316,0.5918
-0.5037,-0.6726,0.5789
-0.5491,-0.8469,0.479
-0.5696,-1.1868,0.4187
-0.5085,-1.5913,0.3516
-0.4043,-1.3638,0.2522
-0.3413,-1.416,0.1694
-0.311,-1.4976,0.0442
-0.2546,-1.2915,-0.0349
-0.1987,-0.9294,-0.0515
-0.1191,-0.552,-0.1199
-0.0925,-0.554,-0.1086
-0.134,-0.6016,-0.0142
-0.2046,-0.7866,0.012
-0.3123,-1.135,0.0842
-0.3638,-1.5247,0.1594
-0.4998,-1.4656,0.3135
-0.4863,-1.3218,0.7046
-0.5791,-1.3584,0.7104
-0.3718,-1.1606,0.7021
-0.5789,-0.8608,0.5625
-0.5862,-0.6121,0.4949
-0.5461,-0.5854,0.4624
-0.5427,-0.7554,0.4302
-0.6228,-1.1096,0.406
-0.5991,-1.5598,0.3794
-0.3936,-1.4309,0.231
-0.3401,-1.5327,0.199
-0.3225,-1.6082,0.1069
-0.3167,-1.3618,0.0286
-0.2576,-0.9556,-0.0115
-0.1824,-0.6433,-0.0398
-0.0283,-0.5457,-0.1045
-0.0835,-0.5962,-0.0244
-0.1394,-0.6973,0.0002
-0.2322,-0.9976,0.062
-0.3018,-1.3704,0.1287
-0.4546,-1.4524,0.2385
-0.6323,-1.4089,0.5818
-0.7073,-1.3464,0.6672
-0.5317,-1.2422,0.5991
-0.5847,-1.0205,0.5386
-0.6853,-0.739,0.4282
-0.5979,-0.623,0.4219
-0.5503,-0.6846,0.407
-0.575,-0.8606,0.3613
-0.5774,-1.2852,0.4036
-0.4326,-1.553,0.2771
-0.4189,-1.468,0.1514
-0.2803,-1.5391,0.1243
-0.3245,-1.3987,0.0745
-0.293,-1.0222,0.0154
-0.2678,-0.7122,-0.0278
-0.124,-0.5837,-0.0579
-0.0771,-0.55,-0.0686
-0.1746,-0.6609,0.0166
-0.2222,-0.8267,0.0276
-0.2976,-1.2053,0.105
-0.4087,-1.449,0.1782
-0.5757,-1.4104,0.4224
-0.6143,-1.2312,0.6272
-0.5356,-1.3479,0.5359
-0.3982,-1.1682,0.6199
-0.6208,-0.834,0.4878
-0.6213,-0.6118,0.4521
-0.5679,-0.6055,0.4573
-0.6006,-0.824,0.4409
-0.6323,-1.2407,0.4658
-0.4583,-1.4866,0.3296
-0.4016,-1.2498,0.2354
-0.3379,-1.4241,0.156
-0.3325,-1.6182,0.0063
-0.2876,-1.2546,-0.0173
-0.2356,-0.8762,-0.0681
-0.1829,-0.5835,-0.0901
-0.1079,-0.5691,-0.0974
-0.1479,-0.6111,-0.012
-0.2109,-0.77,0.0125
-0.2915,-1.0938,0.1099
-0.3345,-1.2859,0.188
-0.4832,-1.2764,0.3569
-0.5542,-1.4348,0.7441
-0.5513,-1.365,0.6599
-0.2832,-1.1213,0.592
-0.4714,-0.8313,0.5378
-0.5671,-0.6428,0.4609
-0.5518,-0.595,0.4861
-0.5671,-0.7913,0.4626
-0.6133,-1.1504,0.478
-0.4753,-1.4133,0.3691
-0.3577,-1.2957,0.2878
-0.3274,-1.2979,0.23
-0.3252,-1.4617,0.0771
-0.3076,-1.3398,-0.0059
-0.2542,-0.9478,-0.0168
-0.1807,-0.6511,-0.064
-0.1118,-0.5767,-0.1033
-0.1592,-0.6306,-0.0034
-0.2246,-0.7759,0.0271
-0.322,-1.0835,0.0835
-0.3447,-1.385,0.1833
-0.4783,-1.334,0.3186
-0.5212,-1.1196,0.5371
-0.4255,-1.2112,0.5173
-0.3794,-1.2749,0.481
-0.4258,-0.9583,0.4822
-0.5173,-0.7029,0.438
-0.4517,-0.6052,0.436
-0.4631,-0.6702,0.4763
-0.5869,-0.8416,0.4177
-0.675,-1.1797,0.4438
-0.4968,-1.4419,0.4004
-0.3586,-1.1841,0.2908
-0.3333,-1.2332,0.196
-0.3574,-1.52,0.0417
-0.3164,-1.4041,-0.0486
-0.228,-1.0476,-0.0771
-0.1592,-0.7649,-0.105
-0.0576,-0.6267,-0.1233
-0.0813,-0.6465,-0.0046
-0.1721,-0.8499,-0.022
-0.2649,-1.1355,0.0242
-0.3994,-1.3726,0.1804
-0.4954,-1.2808,0.448
-0.585,-1.2844,0.6504
-0.4485,-1.269,0.5481
-0.4099,-1.1726,0.5398
-0.5864,-0.8752,0.4683
-0.5273,-0.5952,0.4629
-0.5144,-0.5371,0.4482
-0.5103,-0.7329,0.4099
-0.5913,-1.1865,0.4124
-0.4373,-1.3865,0.3521
-0.3293,-1.344,0.2605
-0.2903,-1.5955,0.2043
-0.3225,-1.6694,0.0386
-0.3057,-1.3086,0.0435
-0.2537,-0.7988,0.0315
-0.1848,-0.5642,-0.0273
-0.0754,-0.5459,-0.0356
-0.168,-0.6089,0.0083
-0.2175,-0.7302,0.0283
-0.3228,-1.1125,0.0925
-0.3733,-1.2498,0.1943
-0.4163,-1.2527,0.395
-0.5359,-1.4485,0.5293
-0.5493,-1.3782,0.3845
-0.4941,-1.1404,0.4888
-0.5825,-0.8186,0.4768
-0.6616,-0.6216,0.4102
-0.6348,-0.6135,0.4819
-0.6677,-0.8081,0.4724
-0.6768,-1.2083,0.4922
-0.4617,-1.4072,0.3738
-0.386,-1.2771,0.28
-0.3286,-1.3479,0.1863
-0.3037,-1.6316,0.0212
-0.2629,-1.3862,-0.0359
-0.1909,-1.0129,-0.095
-0.1165,-0.7117,-0.1467
-0.0842,-0.5977,-0.0903
-0.165,-0.604,0.0063
-0.22,-0.7334,0.0085
-0.3037,-1.0574,0.0742
-0.3721,-1.2397,0.2109
-0.5042,-1.2446,0.4758
-0.4856,-1.5266,0.7266
-0.4019,-1.376,0.6047
-0.2039,-1.0708,0.5894
-0.4492,-0.8064,0.5203
-0.5171,-0.6472,0.5356
-0.4641,-0.6868,0.6313
-0.491,-0.9265,0.5925
-0.5066,-1.3545,0.5022
-0.3804,-1.24,0.3164
-0.3032,-1.2515,0.249
-0.2566,-1.5276,0.1282
-0.3296,-1.6711,-0.0068
-0.3005,-1.2495,-0.0791
-0.2124,-0.917,-0.1472
-0.1016,-0.6506,-0.1367
-0.0981,-0.6006,-0.0388
-0.156,-0.655,0.009
-0.2419,-0.834,0.073
-0.2986,-1.1685,0.1824
-0.4175,-1.3271,0.2712
-0.5652,-1.2666,0.4392
-0.521,-1.2683,0.6699
-0.4248,-1.2556,0.5095
-0.2949,-1.0854,0.4973
-0.4277,-0.8025,0.4216
-0.5156,-0.6499,0.3555
-0.4932,-0.7053,0.4377
-0.5127,-0.804,0.4685
-0.4917,-1.1541,0.4575
-0.4199,-1.4031,0.2683
-0.3176,-1.0972,0.0889
-0.1675,-1.125,0.0996
-0.156,-1.0732,0.0366
-0.2634,-0.9858,-0.0481
-0.2854,-0.8931,-0.116
-0.2581,-0.8352,-0.0847
-0.2566,-0.8108,0.0137
-0.3318,-0.8491,0.0759
-0.3992,-0.9517,0.1379
-0.3984,-1.0872,0.1348
-0.4319,-1.2112,0.1228
-0.5198,-0.9683,0.3025
-0.5591,-0.7979,0.4468
-0.5522,-0.9478,0.4128
-0.3718,-1.0352,0.3823
-0.2727,-0.9451,0.3333
-0.3909,-0.8892,0.259
-0.4026,-0.9241,0.2729
-0.3464,-0.8936,0.2693
-0.3044,-0.8787,0.2505
-0.3162,-0.8569,0.2253
-0.3369,-0.8542,0.2266
-0.3359,-0.875,0.261
-0.3577,-0.8718,0.2556
-0.3662,-0.873,0.2717
-0.3689,-0.8872,0.3027
-0.3809,-0.9187,0.3076
-0.3682,-0.9314,0.3342
-0.3647,-0.9497,0.3345
-0.3599,-0.9392,0.3464
-0.3462,-0.9236,0.322
-0.3552,-0.9304,0.2993
-0.3323,-0.918,0.272
-0.3284,-0.9375,0.2681
-0.3354,-0.9214,0.2622
-0.3237,-0.8904,0.2527
-0.3313,-0.8992,0.2837
-0.3135,-0.8918,0.2771
-0.323,-0.8962,0.2925
-0.3489,-0.885,0.3083
-0.3401,-0.8777,0.3218
-0.3408,-0.8879,0.3179
-0.3701,-0.9021,0.321
-0.3696,-0.9019,0.3142
-0.3647,-0.9172,0.312
-0.363,-0.9143,0.3066
-0.3591,-0.9258,0.3062
-0.3447,-0.9033,0.2986
-0.3298,-0.9209,0.3
-0.3271,-0.9014,0.3083
-0.3328,-0.9041,0.3149
-0.324,-0.8999,0.3123
-0.3286,-0.9087,0.3083
-0.3193,-0.9111,0.2996
-0.3252,-0.9006,0.3125
-0.3386,-0.8975,0.2998
-0.3298,-0.9067,0.2937
-0.3496,-0.9067,0.2888
-0.3464,-0.9055,0.2981
-0.3552,-0.9043,0.2969
-0.3428,-0.8984,0.2998
-0.3538,-0.8997,0.2905
-0.3416,-0.8958,0.2798
-0.3562,-0.9131,0.3052
-0.3474,-0.9019,0.322
-0.3359,-0.9045,0.3093
-0.3311,-0.9065,0.2947
-0.3354,-0.9146,0.2983
-0.3494,-0.9089,0.2905
-0.3381,-0.8992,0.2891
-0.3467,-0.9082,0.29
-0.3423,-0.9104,0.304
-0.366,-0.9077,0.3064
-0.356,-0.9026,0.304
-0.3611,-0.9114,0.3042
-0.3528,-0.9045,0.301
-0.3484,-0.9087,0.2917
-0.3394,-0.9119,0.2998
-0.323,-0.9062,0.2905
-0.322,-0.9058,0.2964
-0.3391,-0.8982,0.3008
-0.3528,-0.9128,0.2954
-0.3271,-0.9116,0.3066
-0.3418,-0.8958,0.3125
-0.3386,-0.9031,0.3157
-0.3501,-0.8945,0.3145
-0.3562,-0.9114,0.3005
-0.3408,-0.8987,0.2996
-0.3499,-0.9167,0.2927
-0.3381,-0.9055,0.2957
-0.3423,-0.8984,0.2966
-0.3284,-0.894,0.2937
-0.3269,-0.9119,0.293
-0.3376,-0.9194,0.3013
-0.3467,-0.8926,0.3088
-0.3315,-0.9102,0.303
-0.3411,-0.8936,0.2971
-0.3499,-0.9045,0.2964
-0.353,-0.8889,0.2986
-0.3459,-0.9053,0.2961
-0.3513,-0.9021,0.2983
-0.3503,-0.9006,0.3069
-0.3318,-0.907,0.2993
-0.3518,-0.9014,0.3083
-0.335,-0.9116,0.2974
-0.3491,-0.908,0.2979
-0.3347,-0.9026,0.2891
-0.3447,-0.8965,0.3086
-0.365,-0.906,0.3096
-0.3457,-0.9067,0.2944
-0.3445,-0.9158,0.3
-0.333,-0.8972,0.2798
-0.3301,-0.9167,0.3052
-0.3391,-0.9065,0.2998
-0.3367,-0.9028,0.3167
-0.3279,-0.8948,0.2966
-0.3376,-0.8977,0.2908
-0.3264,-0.8853,0.2986
-0.3391,-0.9072,0.3101
-0.3276,-0.9026,0.3098
-0.335,-0.9053,0.3142
-0.3508,-0.9043,0.2937
-0.3293,-0.895,0.3066
-0.3369,-0.8953,0.2881
-0.3396,-0.9026,0.3066
-0.3306,-0.8921,0.303
-0.3376,-0.9114,0.3013
-0.3328,-0.9011,0.2983
-0.3279,-0.9175,0.2927
-0.3467,-0.917,0.3115
-0.3333,-0.9114,0.3101
-0.343,-0.907,0.3125
-0.3552,-0.897,0.3027
-0.3315,-0.895,0.3052
-0.3508,-0.9026,0.2734
-0.3564,-0.9072,0.2996
-0.3303,-0.9077,0.303
-0.3274,-0.908,0.2937
-0.3362,-0.9099,0.2864
-0.335,-0.9099,0.2983
-0.344,-0.9048,0.3074
-0.3298,-0.9104,0.3044
-0.3369,-0.9038,0.291
-0.3384,-0.8992,0.303
-0.3379,-0.9199,0.2942
-0.3586,-0.9033,0.2888
-0.3496,-0.9058,0.3088
-0.3296,-0.9136,0.2922
-0.3494,-0.9045,0.2854
-0.3477,-0.9053,0.2896
-0.3315,-0.9102,0.2908
-0.3596,-0.895,0.2976
-0.3364,-0.915,0.3015
-0.3337,-0.9153,0.2861
-0.3369,-0.9072,0.283
-0.3269,-0.908,0.2832
-0.3418,-0.9138,0.2959
-0.3416,-0.9011,0.2939
-0.3396,-0.9119,0.2876
-0.3384,-0.9243,0.303
-0.3389,-0.9111,0.2878
-0.3403,-0.9067,0.2908
-0.3435,-0.9089,0.3018
-0.3384,-0.908,0.2898
-0.3293,-0.9192,0.2837
-0.3472,-0.908,0.2925
-0.3315,-0.9065,0.2844
-0.3438,-0.9036,0.2888
-0.3545,-0.9104,0.3
-0.3462,-0.9248,0.2856
-0.3484,-0.8931,0.2908
-0.3347,-0.897,0.2864
-0.3391,-0.905,0.3118
-0.3345,-0.906,0.2859
-0.3398,-0.9172,0.2998
-0.3306,-0.9058,0.2905
-0.3511,-0.9026,0.291
-0.3342,-0.9026,0.2891
-0.3484,-0.9294,0.2917
-0.3516,-0.9038,0.2964
-0.3542,-0.9165,0.3115
-0.334,-0.9116,0.3022
-0.3403,-0.9104,0.3022
-0.3374,-0.9092,0.2976
-0.343,-0.9006,0.2983
-0.3513,-0.9038,0.293
-0.3384,-0.9104,0.2964
-0.3342,-0.9197,0.3025
-0.353,-0.9038,0.2944
-0.3496,-0.9131,0.3
-0.3418,-0.9143,0.2959
-0.3411,-0.8987,0.3198
-0.3357,-0.9089,0.3118
-0.3589,-0.9009,0.3101
-0.333,-0.9077,0.3157
-0.3369,-0.8911,0.3025
-0.3259,-0.916,0.313
-0.3438,-0.9099,0.3081
-0.3413,-0.8967,0.3137
-0.3396,-0.906,0.3054
-0.3357,-0.894,0.2949
-0.3279,-0.8982,0.2986
-0.3188,-0.8875,0.2964
-0.3376,-0.9038,0.2974
-0.3562,-0.9072,0.3022
-0.3569,-0.8938,0.3093
-0.3237,-0.9053,0.3091
-0.342,-0.9048,0.2952
-0.3289,-0.9131,0.3147
-0.354,-0.9033,0.2971
-0.3438,-0.9143,0.3093
-0.3521,-0.9075,0.2949
-0.3489,-0.9058,0.291
-0.3511,-0.9148,0.2998
-0.3494,-0.897,0.2866
-0.3264,-0.8972,0.302
-0.3506,-0.9067,0.3181
-0.342,-0.9099,0.2932
-0.3423,-0.9097,0.2952
-0.3552,-0.9053,0.3015
-0.3347,-0.8972,0.2827
-0.3455,-0.8989,0.3025
-0.3372,-0.9055,0.2766
-0.335,-0.9011,0.3052
-0.3425,-0.9143,0.3066
-0.354,-0.9084,0.3022
-0.3455,-0.9053,0.3062
-0.3462,-0.9124,0.3062
-0.3135,-0.8906,0.3098
-0.3479,-0.9148,0.2959
-0.3328,-0.8896,0.3035
-0.3489,-0.915,0.2922
-0.3245,-0.9216,0.2922
-0.335,-0.9045,0.3054
-0.3335,-0.9011,0.3003
-0.3574,-0.9258,0.2913
-0.3406,-0.8994,0.2903
-0.3401,-0.8965,0.2942
-0.3462,-0.9119,0.293
-0.3601,-0.9001,0.2974
-0.321,-0.9238,0.2922
-0.3533,-0.9153,0.2898
-0.3193,-0.8984,0.292
-0.3438,-0.9053,0.301
-0.3503,-0.9165,0.2976
-0.3311,-0.9028,0.293
-0.3313,-0.9087,0.2922
-0.3369,-0.906,0.2803
-0.3545,-0.9019,0.2939
-0.3396,-0.9172,0.2935
-0.3428,-0.8997,0.2869
-0.342,-0.9075,0.2925
-0.3462,-0.8958,0.2864
-0.3296,-0.9031,0.3027
-0.3552,-0.9077,0.2983
-0.3496,-0.9106,0.2837
-0.3508,-0.9041,0.2861
-0.344,-0.9097,0.2949
-0.3525,-0.908,0.2888
-0.3318,-0.9019,0.2881
-0.3352,-0.8984,0.2991
-0.3352,-0.9092,0.3127
-0.3372,-0.9138,0.3074
-0.3545,-0.9075,0.3103
-0.3438,-0.9062,0.3086
-0.355,-0.9072,0.3101
-0.3372,-0.9072,0.3
-0.3381,-0.9126,0.2957
-0.3406,-0.8965,0.2856
-0.3513,-0.8923,0.3081
-0.343,-0.8928,0.2959
-0.3445,-0.9116,0.2905
-0.3396,-0.9072,0.3059
-0.3428,-0.9011,0.3135
-0.3533,-0.9016,0.313
-0.3447,-0.9023,0.2842
-0.3525,-0.9038,0.2898
-0.3289,-0.9067,0.2983
-0.335,-0.9109,0.3047
-0.3501,-0.9077,0.3062
-0.3291,-0.9023,0.2961
-0.3328,-0.906,0.3027
-0.3518,-0.9075,0.3098
-0.3311,-0.9106,0.281
-0.3337,-0.9253,0.3025
-0.3325,-0.9065,0.3018
-0.3362,-0.9099,0.2915
-0.332,-0.9009,0.2917
-0.3469,-0.9187,0.2913
-0.3318,-0.9011,0.2981
-0.3472,-0.8999,0.2949
-0.3438,-0.9128,0.2986
-0.3391,-0.8987,0.2954
-0.3369,-0.9114,0.2991
-0.343,-0.9026,0.2937
-0.3413,-0.9048,0.282
-0.3433,-0.905,0.3008
-0.3574,-0.9028,0.29
-0.3345,-0.8936,0.3037
-0.3298,-0.9136,0.2986
-0.3416,-0.8999,0.3076
-0.343,-0.9214,0.2966
-0.3384,-0.9167,0.3027
-0.3508,-0.9202,0.2959
-0.3379,-0.9075,0.3062
-0.3352,-0.9055,0.2876
-0.3335,-0.9023,0.3018
-0.3157,-0.9136,0.2935
-0.3318,-0.9094,0.2891
-0.3298,-0.9001,0.2764
-0.304,-0.895,0.2556
-0.2227,-0.8816,0.23
-0.2063,-0.8977,0.2029
-0.2451,-0.9062,0.1914
-0.3308,-0.8813,0.1829
-0.4426,-0.9067,0.2478
-0.4705,-0.9116,0.3213
-0.6438,-1.0278,0.3406
-0.6411,-1.063,0.3149
-0.5549,-1.0376,0.3049
-0.5061,-0.9907,0.2317
-0.4426,-0.9448,0.1929
-0.3889,-0.9485,0.1292
-0.2974,-0.9949,0.0474
-0.155,-1.0481,-0.0315
-0.1006,-0.9751,-0.1252
-0.0989,-0.9314,-0.0847
-0.0923,-0.9836,-0.0439
-0.0557,-1.1506,-0.0122
-0.1504,-1.1824,0.0806
-0.3225,-0.9626,0.3186
-0.3088,-1.1245,0.4634
-0.3257,-1.0996,0.4141
-0.3801,-0.9062,0.5251
-0.4829,-0.7456,0.5054
-0.5232,-0.6936,0.4983
-0.5596,-0.8467,0.5044
-0.5769,-0.8662,0.4983
-0.4727,-0.9382,0.4927
-0.4407,-1.0635,0.4109
-0.3809,-1.3342,0.3472
-0.4019,-1.3862,0.1829
-0.3254,-1.4443,0.0183
-0.2378,-1.4275,-0.1399
-0.1743,-1.2129,-0.1665
-0.0906,-0.8918,-0.1526
-0.0125,-0.7876,-0.1252
0.0723,-0.8433,-0.1487
-0.0208,-0.9785,-0.1089
-0.1624,-1.0715,0.0544
-0.292,-1.1941,0.2039
-0.345,-1.2947,0.1584
-0.4565,-1.2322,0.3132
-0.5703,-1.2842,0.5032
-0.4912,-1.2058,0.51
-0.3674,-0.9407,0.4878
-0.4194,-0.7627,0.4392
-0.4226,-0.6924,0.4338
-0.4387,-0.7046,0.3655
-0.4858,-0.7715,0.3389
-0.4124,-0.8589,0.3186
-0.4143,-0.9197,0.27
-0.3325,-0.854,0.2505
-0.3804,-1.2009,0.291
-0.5613,-1.9553,0.2026
-0.3789,-1.6177,-0.0195
-0.2109,-1.1719,0.0508
-0.2141,-0.8865,0.1345
-0.2766,-0.7183,0.0356
-0.2002,-0.7734,-0.0879
-0.0803,-0.7981,-0.1057
-0.1311,-0.8091,-0.0806
-0.2312,-0.9656,0.0261
-0.3098,-1.1201,0.0432
-0.3909,-1.2993,0.1204
-0.3962,-1.4634,0.1509
-0.4338,-1.4902,0.2695
-0.4663,-1.1116,0.5237
-0.6021,-0.9302,0.5684
-0.5525,-0.7979,0.4058
-0.4546,-0.7244,0.4954
-0.6277,-0.7317,0.4604
-0.6511,-0.77,0.4541
-0.5444,-0.8306,0.3896
-0.6875,-0.9585,0.4192
-0.5583,-1.4219,0.4429
-0.5188,-1.7986,0.2683
-0.3513,-1.7522,0.0576
-0.1824,-1.6511,-0.0129
-0.1804,-1.3191,-0.0166
-0.0889,-0.9209,-0.2078
-0.0659,-0.7832,-0.2039
-0.0107,-0.7236,-0.113
-0.0691,-0.7834,-0.1167
-0.1672,-0.8557,-0.0303
-0.2771,-1.0386,0.0745
-0.3372,-1.2483,0.1814
-0.3999,-1.6389,0.1809
-0.4619,-1.4451,0.3076
-0.5015,-1.344,0.5696
-0.6675,-1.0891,0.6145
-0.55,-0.9341,0.5144
-0.5144,-0.8362,0.5522
-0.5806,-0.7725,0.5217
-0.6387,-0.7207,0.5339
-0.6328,-0.7822,0.4661
-0.5879,-0.9399,0.4797
-0.5354,-1.4807,0.4592
-0.509,-1.7729,0.207
-0.3191,-1.5994,0.0427
-0.2429,-1.5791,-0.0315
-0.1895,-1.4065,-0.053
0.0476,-1.0371,-0.2917
0.0601,-0.7405,-0.1948
0.0923,-0.6482,-0.1853
-0.0432,-0.8433,-0.1487
-0.1423,-0.9814,-0.0264
-0.2117,-1.2537,0.0281
-0.2671,-1.5159,0.1099
-0.4021,-1.4529,0.2637
-0.6091,-1.512,0.675
-0.7881,-1.2339,0.6204
-0.554,-1.0325,0.6262
-0.5933,-0.8342,0.5898
-0.6096,-0.6667,0.5664
-0.571,-0.6606,0.4897
-0.574,-0.7908,0.4575
-0.5669,-1.0029,0.4331
-0.5442,-1.4714,0.4116
-0.4978,-1.6797,0.1843
-0.3242,-1.4873,0.0627
-0.2427,-1.4941,-0.0085
-0.1567,-1.3713,-0.092
-0.1057,-0.9504,-0.1907
-0.0847,-0.6853,-0.1833
-0.0825,-0.6399,-0.1331
-0.1389,-0.72,-0.0791
-0.21,-0.8625,-0.0278
-0.2786,-1.1462,0.1038
-0.2905,-1.4414,0.1536
-0.3259,-1.4248,0.1638
-0.4868,-1.2429,0.4648
-0.6279,-1.1787,0.6892
-0.4907,-1.1294,0.636
-0.301,-0.9612,0.604
-0.5073,-0.7651,0.4993
-0.5295,-0.6614,0.4902
-0.512,-0.7415,0.4868
-0.5266,-0.8552,0.415
-0.4561,-1.0405,0.437
-0.4438,-1.4043,0.4138
-0.4314,-1.4473,0.2734
-0.3447,-1.3027,0.1599
-0.2754,-1.4114,0.0222
-0.1926,-1.4136,-0.0425
-0.1047,-0.9475,-0.106
-0.1399,-0.676,-0.1072
-0.0725,-0.7034,-0.0742
-0.0818,-0.7673,-0.0525
-0.1689,-0.8894,0.0352
-0.2725,-1.1987,0.113
-0.3113,-1.4038,0.1624
-0.4304,-1.2183,0.302
-0.5942,-1.3289,0.7046
-0.592,-1.1355,0.5671
-0.4543,-0.9448,0.5513
-0.5232,-0.7964,0.5144
-0.5405,-0.7014,0.4836
-0.5229,-0.7161,0.418
-0.5054,-0.8362,0.427
-0.5186,-0.9187,0.3667
-0.5042,-1.1809,0.3882
-0.4731,-1.4626,0.3096
-0.407,-1.3086,0.2043
-0.2974,-1.3113,0.0991
-0.252,-1.4495,0.0007
-0.2749,-1.136,-0.054
-0.2183,-0.8186,-0.0779
-0.1724,-0.738,-0.1143
-0.1394,-0.7292,-0.071
-0.1743,-0.7302,-0.041
-0.2468,-0.8523,0.0403
-0.3303,-1.0791,0.1218
-0.3577,-1.2524,0.1382
-0.4194,-1.187,0.26
-0.4895,-1.2939,0.5522
-0.6887,-1.2432,0.6243
-0.512,-1.0203,0.5237
-0.4956,-0.843,0.5154
-0.5422,-0.718,0.446
-0.5049,-0.74,0.4377
-0.5103,-0.8486,0.4207
-0.5085,-0.9907,0.3667
-0.4587,-1.1506,0.3584
-0.4114,-1.3418,0.3337
-0.3997,-1.2715,0.1672
-0.2859,-1.3083,0.0601
-0.259,-1.3083,-0.0215
-0.2554,-1.1069,-0.0732
-0.2329,-0.7705,-0.1182
-0.1714,-0.6699,-0.1145
-0.147,-0.6963,-0.0764
-0.1951,-0.8416,-0.0405
-0.3159,-1.0422,0.0117
-0.3577,-1.2744,0.1201
-0.3774,-1.3005,0.1733
-0.4548,-1.072,0.3394
-0.5303,-1.1345,0.6206
-0.4519,-1.103,0.5562
-0.323,-0.9468,0.5278
-0.4282,-0.7844,0.5051
-0.47,-0.6665,0.4678
-0.4692,-0.7524,0.4941
-0.4492,-0.8643,0.4243
-0.4685,-1.0266,0.3945
-0.4778,-1.2705,0.3572
-0.4077,-1.155,0.24
-0.3564,-1.3743,0.0608
-0.241,-1.5,-0.0181
-0.1611,-1.2534,-0.094
-0.1548,-0.8538,-0.1204
-0.1392,-0.7375,-0.1375
-0.0334,-0.793,-0.1731
-0.113,-0.9214,-0.1323
-0.2427,-1.0081,-0.001
-0.3325,-1.1516,0.1287
-0.3625,-1.3271,0.1812
-0.3708,-1.2456,0.2192
-0.4856,-0.9792,0.4673
-0.5742,-1.075,0.7339
-0.4482,-0.9946,0.5247
-0.3433,-0.8611,0.5325
-0.478,-0.7188,0.4746
-0.4824,-0.7063,0.4448
-0.4651,-0.7893,0.4133
-0.4751,-0.9026,0.343
-0.458,-1.1655,0.3064
-0.4146,-1.3027,0.3042
-0.4216,-1.2507,0.2183
-0.3269,-1.321,0.1121
-0.2559,-1.4011,-0.0222
-0.2085,-1.1418,-0.0374
-0.2244,-0.7925,-0.0764
-0.2153,-0.6404,-0.0403
-0.2031,-0.6914,-0.04
-0.2473,-0.8313,-0.0583
-0.2952,-0.9265,0.0574
-0.396,-1.0754,0.1321
-0.4758,-1.2681,0.1812
-0.3813,-1.333,0.2141
-0.2356,-1.0688,0.3752
-0.3259,-1.0774,0.6196
-0.3359,-1.0793,0.6951
-0.2954,-0.9258,0.5767
-0.2461,-0.769,0.5647
-0.3706,-0.6902,0.4954
-0.4282,-0.7415,0.4836
-0.4219,-0.8491,0.4497
-0.4849,-0.8977,0.3699
-0.4727,-1.1914,0.3677
-0.4492,-1.3574,0.3181
-0.4121,-1.1899,0.2078
-0.2502,-1.4141,0.0747
-0.2773,-1.2605,-0.0168
-0.2454,-1.0225,-0.0288
-0.2273,-0.7478,-0.093
-0.1755,-0.793,-0.1138
-0.127,-0.8169,-0.0813
-0.1738,-0.8865,-0.0459
-0.2861,-0.9846,0.0271
-0.3528,-1.1221,0.1475
-0.3704,-1.2959,0.2029
-0.3958,-1.2788,0.1829
-0.4443,-0.9924,0.3772
-0.5542,-1.0461,0.5967
-0.5642,-1.022,0.5115
-0.4094,-0.9187,0.4868
-0.4817,-0.7551,0.4912
-0.5127,-0.7031,0.4387
-0.4207,-0.8218,0.4534
-0.4187,-0.9216,0.3696
-0.4412,-0.9446,0.3125
-0.4097,-1.146,0.2698
-0.3687,-1.2629,0.2224
-0.3655,-1.1196,0.1006
-0.2598,-1.2769,0.0059
-0.2546,-1.1746,-0.0615
-0.2554,-0.8967,-0.0601
-0.2029,-0.6873,-0.0664
-0.2017,-0.7451,-0.0796
-0.2102,-0.8765,-0.0391
-0.2549,-0.9883,-0.0022
-0.3333,-1.1418,0.114
-0.3396,-1.2083,0.1011
-0.3923,-1.2866,0.1191
-0.4482,-0.9438,0.3672
-0.5222,-0.9626,0.5315
-0.4072,-1.0061,0.4512
-0.3428,-0.9141,0.4507
-0.4817,-0.7583,0.4851
-0.5432,-0.7219,0.5032
-0.488,-0.8347,0.4736
-0.4324,-0.9255,0.4226
-0.4131,-1.0854,0.3901
-0.4446,-1.3284,0.2717
-0.3425,-1.1487,0.1257
-0.252,-1.2234,-0.0032
-0.1807,-1.2698,-0.0972
-0.188,-1.073,-0.1748
-0.1829,-0.8191,-0.1658
-0.1479,-0.7373,-0.1052
-0.229,-0.8379,-0.0505
-0.3179,-0.9463,0.0183
-0.4417,-1.0273,0.1348
-0.5181,-1.1555,0.2122
-0.6553,-1.1267,0.2434
-0.7029,-0.7539,0.4204
-0.6685,-0.7065,0.5398
-0.5132,-0.9314,0.5024
-0.3608,-0.9883,0.4241
-0.3513,-0.946,0.3577
-0.3713,-0.9319,0.2866
-0.3284,-0.9133,0.2527
-0.2583,-0.9048,0.2402
-0.2344,-0.8721,0.197
-0.271,-0.845,0.2109
-0.2874,-0.8594,0.2253
-0.3333,-0.8989,0.2734
-0.3484,-0.9019,0.2825
-0.3525,-0.9275,0.2864
-0.3691,-0.8879,0.3149
-0.3679,-0.9197,0.3152
-0.3682,-0.9275,0.3098
-0.3455,-0.9346,0.325
-0.3311,-0.9373,0.3013
-0.3262,-0.9263,0.2725
-0.3196,-0.9216,0.2686
-0.3137,-0.9048,0.2507
-0.3018,-0.9229,0.2595
-0.3149,-0.9238,0.2649
-0.3308,-0.9133,0.2715
-0.3408,-0.9065,0.272
-0.3406,-0.9158,0.2817
-0.3418,-0.9067,0.2747
-0.3555,-0.9121,0.2788
-0.364,-0.9138,0.2827
-0.3408,-0.9263,0.2776
-0.3611,-0.9043,0.3005
-0.354,-0.9104,0.2778
-0.3542,-0.9226,0.2798
-0.3398,-0.9094,0.2754
-0.3286,-0.9109,0.2773
-0.3159,-0.9128,0.2627
-0.3252,-0.9126,0.2532
-0.3152,-0.9128,0.2693
-0.325,-0.9009,0.2688
-0.3291,-0.9023,0.2654
-0.3298,-0.9128,0.2764
-0.3398,-0.9106,0.2769
-0.3433,-0.9087,0.2725
-0.3403,-0.9087,0.2607
-0.3542,-0.908,0.283
-0.3643,-0.9204,0.2717
-0.3447,-0.9114,0.2961
-0.3474,-0.9255,0.2764
-0.3347,-0.9067,0.2766
-0.335,-0.9121,0.2783
-0.3496,-0.9243,0.2822
-0.3408,-0.9189,0.271
-0.3535,-0.9072,0.2786
-0.3386,-0.894,0.2803
-0.323,-0.8914,0.2725
-0.3511,-0.925,0.2769
-0.3213,-0.9114,0.2964
-0.3433,-0.8992,0.2896
-0.3267,-0.9141,0.2859
-0.3513,-0.8989,0.2922
-0.334,-0.9055,0.2834
-0.3303,-0.9082,0.2812
-0.3262,-0.8901,0.272
-0.3357,-0.9128,0.2786
-0.3384,-0.9148,0.2791
-0.3284,-0.9026,0.2666
-0.3447,-0.9084,0.2832
-0.3623,-0.9033,0.2605
-0.3533,-0.9194,0.2898
-0.3518,-0.9026,0.2888
-0.3359,-0.8999,0.2671
-0.3394,-0.9033,0.2683
-0.3552,-0.9058,0.2727
-0.3286,-0.9067,0.2769
-0.3591,-0.9089,0.2788
-0.3521,-0.9131,0.2893
-0.3499,-0.9163,0.2708
-0.334,-0.9167,0.2798
-0.3474,-0.9065,0.2722
-0.3496,-0.9114,0.2876
-0.3481,-0.9089,0.2654
-0.3364,-0.9067,0.2607
-0.3555,-0.9067,0.2673
-0.3518,-0.9155,0.27
-0.3608,-0.9121,0.2834
-0.3562,-0.9001,0.2732
-0.3567,-0.9072,0.2661
-0.3489,-0.9185,0.2729
-0.3508,-0.9062,0.2935
-0.3481,-0.9187,0.2695
-0.3586,-0.9072,0.2756
-0.3523,-0.9119,0.2756
-0.3403,-0.9243,0.2744
-0.3474,-0.9097,0.2661
-0.3499,-0.9177,0.2615
-0.3398,-0.9136,0.2688
-0.3665,-0.9082,0.2678
-0.3564,-0.9014,0.2688
-0.363,-0.9084,0.2761
-0.3843,-0.9111,0.2722
-0.3472,-0.915,0.2771
-0.3555,-0.9041,0.2744
-0.3484,-0.9006,0.2646
-0.3552,-0.9224,0.2742
-0.3523,-0.8955,0.2693
-0.3418,-0.9192,0.2749
-0.3328,-0.9238,0.2705
-0.353,-0.9072,0.2773
-0.3469,-0.9192,0.2698
-0.3508,-0.905,0.2788
-0.3545,-0.9104,0.2712
-0.3579,-0.8992,0.2798
-0.3687,-0.9092,0.2754
-0.354,-0.9067,0.2676
-0.3555,-0.8979,0.2639
-0.3542,-0.9062,0.2815
-0.3499,-0.9172,0.2812
-0.3552,-0.8955,0.2715
-0.3479,-0.9197,0.2705
-0.3579,-0.9055,0.2698
-0.3335,-0.9187,0.2712
-0.3564,-0.9026,0.2778
-0.3528,-0.8975,0.2795
-0.3547,-0.9053,0.2751
-0.3452,-0.9009,0.2761
-0.3718,-0.9102,0.2793
-0.3477,-0.8987,0.2712
-0.3555,-0.9058,0.2666
-0.3555,-0.9043,0.2759
-0.3538,-0.9131,0.2834
-0.3428,-0.9055,0.2832
-0.3574,-0.9136,0.2903
-0.3542,-0.9072,0.2976
-0.3459,-0.9031,0.2815
-0.3452,-0.9194,0.2847
-0.356,-0.9106,0.2803
-0.3528,-0.9104,0.2786
-0.3484,-0.9072,0.2878
-0.3501,-0.9099,0.2878
-0.3396,-0.9158,0.29
-0.3474,-0.9016,0.2859
-0.3384,-0.9001,0.2683
-0.3442,-0.916,0.2764
-0.3589,-0.9055,0.2834
-0.3647,-0.9109,0.2781
-0.3508,-0.9065,0.2783
-0.3486,-0.9026,0.2754
-0.3569,-0.9055,0.2942
-0.3418,-0.9072,0.2842
-0.3582,-0.8979,0.2866
-0.3389,-0.9114,0.2842
-0.3423,-0.9009,0.2708
-0.3416,-0.908,0.2839
-0.3401,-0.9004,0.2598
-0.3521,-0.8977,0.2954
-0.3523,-0.9177,0.2729
-0.3582,-0.9065,0.2844
-0.3528,-0.8967,0.2786
-0.3513,-0.9055,0.271
-0.3538,-0.9004,0.2705
-0.3623,-0.908,0.2798
-0.3572,-0.9048,0.2793
-0.3508,-0.9136,0.2681
-0.3591,-0.8958,0.2822
-0.3621,-0.9087,0.2839
-0.3428,-0.8987,0.2703
-0.356,-0.9006,0.2744
-0.3489,-0.9062,0.2773
-0.3699,-0.9062,0.2827
-0.3699,-0.9182,0.2788
-0.3567,-0.9131,0.2935
-0.3569,-0.8984,0.3059
-0.3442,-0.8921,0.282
-0.3533,-0.9058,0.28
-0.3459,-0.9055,0.2637
-0.3364,-0.8916,0.2703
-0.3428,-0.9038,0.2688
-0.3474,-0.9146,0.2856
-0.3564,-0.8997,0.2708
-0.3555,-0.9111,0.2961
-0.3604,-0.9023,0.3013
-0.3567,-0.9138,0.2812
-0.3594,-0.9116,0.3032
-0.3401,-0.9033,0.2566
-0.3401,-0.9048,0.2844
-0.3608,-0.9209,0.2766
-0.3418,-0.9092,0.2913
-0.3503,-0.9097,0.2886
-0.3674,-0.9062,0.283
-0.3394,-0.8933,0.2942
-0.3357,-0.8972,0.2712
-0.3591,-0.897,0.2666
-0.3423,-0.8992,0.2766
-0.3391,-0.9075,0.2961
-0.3655,-0.9016,0.2808
-0.3545,-0.9102,0.2949
-0.3569,-0.9062,0.269
-0.3596,-0.8962,0.2888
-0.3484,-0.9009,0.2791
-0.3474,-0.9097,0.2805
-0.3525,-0.9143,0.2937
-0.3401,-0.9192,0.2935
-0.3347,-0.8938,0.2874
-0.3315,-0.8982,0.2805
-0.3499,-0.9143,0.269
-0.3687,-0.8936,0.2922
-0.3569,-0.9019,0.2866
-0.3533,-0.9089,0.281
-0.3748,-0.8892,0.2888
-0.3689,-0.9094,0.2927
-0.3638,-0.8979,0.2898
-0.3735,-0.8975,0.2866
-0.3501,-0.9272,0.2847
-0.3467,-0.896,0.2822
-0.3325,-0.9116,0.2776
-0.3325,-0.9045,0.2947
-0.3352,-0.9102,0.2876
-0.3435,-0.9106,0.2888
-0.3494,-0.8989,0.29
-0.3557,-0.9089,0.2812
-0.3616,-0.9194,0.2842
-0.3555,-0.918,0.2773
-0.3572,-0.8987,0.2622
-0.3506,-0.9106,0.2627
-0.3638,-0.915,0.2913
-0.353,-0.9043,0.2773
-0.3406,-0.9021,0.2795
-0.3638,-0.8965,0.2834
-0.3479,-0.9089,0.291
-0.3625,-0.9031,0.2737
-0.3528,-0.9023,0.271
-0.3618,-0.9138,0.2725
-0.3567,-0.9109,0.2856
-0.3467,-0.9001,0.2749
-0.3635,-0.9153,0.272
-0.3584,-0.9158,0.2996
-0.3408,-0.9009,0.2886
-0.3525,-0.9097,0.2808
-0.3499,-0.9082,0.2905
-0.3464,-0.9048,0.2891
-0.3506,-0.908,0.2808
-0.3518,-0.9099,0.2798
-0.3523,-0.9014,0.2825
-0.3528,-0.9019,0.2783
-0.3643,-0.9023,0.2693
-0.3547,-0.9131,0.2722
-0.3511,-0.9041,0.2734
-0.3596,-0.905,0.281
-0.365,-0.9114,0.2808
-0.3486,-0.9182,0.2864
-0.3511,-0.9089,0.2859
-0.3477,-0.9048,0.2983
-0.3589,-0.9185,0.29
-0.3601,-0.9048,0.2737
-0.3484,-0.9053,0.2722
-0.3579,-0.9038,0.2722
-0.3496,-0.894,0.2778
-0.3511,-0.9136,0.2756
-0.3486,-0.916,0.2825
-0.3633,-0.907,0.2903
-0.3335,-0.9016,0.2822
-0.363,-0.9058,0.2886
-0.344,-0.9128,0.2903
-0.3513,-0.906,0.2751
-0.3521,-0.8982,0.2864
-0.3435,-0.9075,0.2793
-0.3591,-0.9116,0.2705
-0.3555,-0.9126,0.2815
-0.3662,-0.9041,0.2756
-0.3613,-0.9028,0.2749
-0.334,-0.9041,0.2742
-0.3364,-0.9099,0.2732
-0.3606,-0.8989,0.2717
-0.3411,-0.9109,0.3018
-0.3481,-0.9143,0.3027
-0.3618,-0.9019,0.2988
-0.3562,-0.906,0.2849
-0.3574,-0.9058,0.2649
-0.3665,-0.9094,0.2793
-0.3528,-0.9067,0.2759
-0.3599,-0.915,0.271
-0.3621,-0.9121,0.2783
-0.3521,-0.9111,0.2847
-0.3364,-0.9053,0.2983
-0.3511,-0.9094,0.2778
-0.3474,-0.9075,0.2795
-0.3403,-0.905,0.2861
-0.3516,-0.9141,0.2783
-0.3684,-0.9114,0.2822
-0.3755,-0.9153,0.2876
-0.3545,-0.9021,0.2695
-0.3374,-0.9099,0.2605
-0.3247,-0.8987,0.2646
-0.3188,-0.9033,0.2583
-0.3552,-0.8848,0.2668
-0.3354,-0.8809,0.251
-0.4031,-0.8601,0.2756
-0.3701,-0.8723,0.3223
-0.4363,-0.8621,0.3696
-0.5334,-0.8835,0.4124
-0.6094,-0.9624,0.4136
-0.5623,-0.9915,0.3938
-0.5081,-0.9404,0.3394
-0.448,-0.8484,0.2393
-0.415,-0.8176,0.1282
-0.3745,-0.8958,0.0146
-0.2478,-0.9131,-0.0762
-0.2366,-0.978,-0.0962
-0.2397,-0.9451,-0.0598
-0.2576,-0.9641,-0.0156
-0.2998,-1.0439,0.0588
-0.312,-1.187,0.1409
-0.3738,-1.2598,0.1797
-0.478,-1.0583,0.301
-0.5942,-0.9993,0.5527
-0.3638,-0.9277,0.6069
-0.1538,-0.8057,0.5901
-0.4802,-0.6602,0.5095
-0.5325,-0.6602,0.501
-0.4622,-0.8,0.4299
-0.3926,-0.8926,0.3972
-0.5493,-1.0901,0.3203
-0.4011,-1.3342,0.3352
-0.4509,-1.3542,0.2036
-0.2629,-1.303,0.0503
-0.0315,-1.2363,-0.1069
-0.0601,-1.0566,-0.1868
-0.1414,-0.7053,-0.2073
-0.1877,-0.7637,-0.1111
-0.1604,-0.8916,-0.0146
-0.3103,-0.9761,0.0073
-0.3547,-1.0454,0.1655
-0.3674,-1.1318,0.1575
-0.3225,-1.28,0.1848
-0.374,-1.2034,0.2009
-0.4958,-0.8469,0.3486
-0.4675,-0.8616,0.5
-0.2913,-0.9368,0.4861
-0.3835,-0.8657,0.4998
-0.481,-0.7505,0.4751
-0.4985,-0.74,0.49
-0.4956,-0.8418,0.4155
-0.5234,-0.9744,0.4041
-0.4453,-1.1399,0.3557
-0.4751,-1.5305,0.1631
-0.1914,-1.1968,-0.032
0.032,-1.1301,-0.1621
-0.0044,-1.0491,-0.2544
-0.0596,-0.9094,-0.2334
-0.0308,-0.9304,-0.1306
-0.0718,-0.9702,-0.0684
-0.1804,-1.0139,-0.0037
-0.2739,-1.1228,0.0693
-0.3274,-1.2351,0.1279
-0.3245,-1.2856,0.1873
-0.3123,-1.3857,0.1248
-0.3315,-0.7488,0.2866
-0.3433,-0.8455,0.5132
-0.2688,-0.8967,0.3555
-0.2627,-0.8157,0.4407
-0.4104,-0.6931,0.4104
-0.4973,-0.7263,0.4033
-0.4773,-0.8364,0.3818
-0.478,-1.0256,0.4182
-0.4285,-1.2056,0.3997
-0.3618,-1.4075,0.3086
-0.3254,-1.1299,0.1797
-0.1948,-1.3735,-0.0156
-0.1204,-1.2234,-0.1396
-0.0886,-0.9614,-0.1948
-0.1292,-0.7278,-0.1675
-0.1392,-0.8477,-0.1138
-0.1538,-0.949,-0.0732
-0.2466,-1.0386,0.0156
-0.3308,-1.0923,0.1165
-0.3606,-1.1714,0.1565
-0.3752,-1.2515,0.1594
-0.4678,-0.8499,0.2876
-0.5557,-1.0542,0.5608
-0.4116,-1.0486,0.4768
-0.2229,-0.8989,0.5251
-0.4299,-0.7749,0.499
-0.446,-0.7549,0.4856
-0.3953,-0.7744,0.4556
-0.4441,-0.8838,0.3962
-0.3972,-0.9512,0.3853
-0.3901,-1.1831,0.3489
-0.3655,-1.1697,0.2568
-0.3462,-1.1121,0.1536
-0.2234,-1.3232,0.0249
-0.1335,-1.1299,-0.1084
-0.1472,-0.9087,-0.1655
-0.1538,-0.7642,-0.1196
-0.1357,-0.8628,-0.1094
-0.1741,-0.948,-0.0793
-0.2449,-1.0649,-0.0063
-0.3267,-1.1594,0.0933
-0.3367,-1.2461,0.1453
-0.3455,-1.2151,0.2246
-0.333,-0.718,0.3418
-0.3098,-0.9963,0.5039
-0.2498,-1.1223,0.4067
-0.2578,-0.9712,0.4595
-0.4287,-0.759,0.457
-0.5105,-0.6865,0.4377
-0.4736,-0.824,0.4778
-0.4629,-0.8828,0.4302
-0.4209,-1.0684,0.4263
-0.4038,-1.354,0.3325
-0.3838,-1.1018,0.1677
-0.1848,-1.2212,0.0503
-0.1528,-1.2761,-0.0564
-0.1147,-1.0278,-0.1548
-0.1443,-0.8621,-0.1885
-0.1606,-0.8845,-0.1301
-0.1738,-0.9644,-0.1028
-0.2256,-1.0222,-0.0332
-0.2798,-1.0979,0.0432
-0.3223,-1.1467,0.127
-0.3115,-1.3828,0.0957
-0.322,-0.95,0.1846
-0.4219,-0.7297,0.4282
-0.3313,-0.9026,0.5149
-0.2266,-1.0618,0.4136
-0.2405,-0.9297,0.5867
-0.4224,-0.7788,0.5391
-0.5073,-0.7441,0.4927
-0.4172,-0.8716,0.4722
-0.3792,-0.9319,0.4329
-0.3923,-1.0745,0.3953
-0.4014,-1.4468,0.3225
-0.333,-1.0378,0.1946
-0.1809,-1.2092,0.0632
-0.1355,-1.2495,-0.0491
-0.1277,-1.0588,-0.1755
-0.1882,-0.8191,-0.1431
-0.2085,-0.7949,-0.1118
-0.1973,-0.9285,-0.0969
-0.2332,-1.0596,-0.03
-0.291,-1.1113,0.0781
-0.2861,-1.1914,0.1208
-0.2791,-1.2869,0.1287
-0.3926,-0.7927,0.2441
-0.4971,-0.9458,0.5918
-0.2849,-1.0195,0.5308
-0.0879,-1.0024,0.5784
-0.3113,-0.8167,0.5652
-0.458,-0.7256,0.51
-0.4944,-0.8093,0.4932
-0.4692,-0.946,0.4614
-0.3687,-1.1677,0.459
-0.365,-1.3159,0.3298
-0.3647,-1.0769,0.2019
-0.2415,-1.2324,0.063
-0.1997,-1.2195,-0.0298
-0.1746,-1.043,-0.1274
-0.2056,-0.7825,-0.1433
-0.1914,-0.8213,-0.116
-0.1379,-0.9038,-0.1406
-0.2075,-1.0105,-0.0603
-0.2996,-1.0898,0.0464
-0.3069,-1.1594,0.1035
-0.3196,-1.269,0.1641
-0.3147,-1.3125,0.2336
-0.3586,-0.8367,0.3342
-0.3845,-0.8455,0.509
-0.2532,-1.0354,0.4861
-0.2224,-1.0208,0.4673
-0.377,-0.8176,0.4846
-0.4409,-0.7192,0.4785
-0.4241,-0.8027,0.4729
-0.4109,-0.8684,0.4263
-0.425,-0.981,0.4104
-0.4153,-1.0178,0.3767
-0.3816,-1.2749,0.3472
-0.3269,-1.0354,0.2405
-0.3306,-1.1707,0.1355
-0.2769,-1.3376,-0.0205
-0.1958,-1.0422,-0.0815
-0.1948,-0.8511,-0.1387
-0.2119,-0.8325,-0.1113
-0.1738,-0.9321,-0.1196
-0.1885,-1.0078,-0.0962
-0.2375,-1.0962,-0.0068
-0.3132,-1.2427,0.0781
-0.3169,-1.3433,0.1287
-0.3157,-1.2332,0.1458
-0.4377,-0.907,0.3684
-0.5354,-0.9338,0.6572
-0.5784,-0.791,0.5371
-0.3276,-0.8625,0.6606
-0.5088,-0.8337,0.6296
-0.5974,-0.8047,0.5649
-0.5513,-0.9021,0.4917
-0.4568,-1.064,0.3923
-0.3513,-1.1545,0.2969
-0.3928,-1.2246,0.2241
-0.4482,-1.5984,0.1523
-0.4211,-1.3533,0.0269
-0.1724,-1.2927,-0.0969
-0.0222,-0.9531,-0.1626
-0.1272,-0.6506,-0.1072
-0.146,-0.6365,-0.0947
-0.199,-0.8833,-0.0332
-0.2346,-1.0347,0.001
-0.3345,-1.2009,0.1069
-0.3848,-1.301,0.1785
-0.4216,-1.4067,0.1926
-0.447,-1.3601,0.2173
-0.4458,-0.9478,0.405
-0.5161,-0.9792,0.5344
-0.4272,-0.9133,0.4866
-0.385,-0.741,0.429
-0.4858,-0.6467,0.4565
-0.49,-0.7227,0.4507
-0.5259,-0.8738,0.4597
-0.5103,-1.0183,0.4238
-0.4419,-1.1831,0.4004
-0.3923,-1.1836,0.3357
-0.334,-1.3496,0.2693
-0.3481,-1.3079,0.1953
-0.3101,-1.2617,0.0703
-0.1965,-1.1709,-0.0142
-0.2141,-0.9526,-0.0605
-0.24,-0.7156,-0.0674
-0.2266,-0.748,-0.0579
-0.1726,-0.8323,-0.0364
-0.175,-0.9695,0.0073
-0.2351,-1.134,0.0737
-0.3188,-1.2983,0.105
-0.3606,-1.4441,0.0693
-0.4451,-1.1584,0.2268
-0.55,-1.0603,0.5476
-0.4624,-1.0425,0.5369
-0.3325,-0.9377,0.5056
-0.3562,-0.8264,0.5505
-0.5325,-0.6873,0.4893
-0.5803,-0.7136,0.4851
-0.5293,-0.8657,0.4475
-0.4631,-1.0061,0.4355
-0.4338,-1.2712,0.4048
-0.3906,-1.4248,0.2458
-0.3298,-1.3491,0.0864
-0.2444,-1.4951,-0.03
-0.2078,-1.3677,-0.0811
-0.2219,-1.0581,-0.1938
-0.1147,-0.7776,-0.1641
-0.0305,-0.8176,-0.1357
-0.0588,-0.8628,-0.1187
-0.1384,-1.0068,-0.0244
-0.2122,-1.2114,0.0303
-0.3096,-1.3799,0.0317
-0.4285,-1.1287,0.2441
-0.5503,-1.1101,0.5305
-0.5222,-1.2312,0.5278
-0.3335,-1.0459,0.5396
-0.4595,-0.844,0.5918
-0.5225,-0.6956,0.5139
-0.4148,-0.7625,0.5352
-0.4468,-0.8601,0.5269
-0.4636,-1.0212,0.4431
-0.4058,-1.1353,0.4563
-0.3455,-1.3755,0.3804
-0.3843,-1.2786,0.1743
-0.3774,-1.1643,0.0874
-0.2283,-1.3293,-0.0457
-0.1606,-1.1653,-0.1499
-0.175,-0.8674,-0.156
-0.198,-0.6748,-0.1221
-0.21,-0.7988,-0.1106
-0.3252,-0.9438,-0.1016
-0.1509,-1.0615,0.0444
-0.2102,-1.2183,0.1936
-0.2593,-1.3857,0.1646
-0.4062,-1.2595,0.2002
-0.4768,-1.0674,0.5779
-0.5691,-0.998,0.6804
-0.3503,-1.0205,0.5122
-0.175,-0.9026,0.6018
-0.4404,-0.7549,0.5085
-0.5752,-0.7034,0.5137
-0.5103,-0.8215,0.4622
-0.4355,-1.0024,0.4468
-0.3533,-1.1626,0.4282
-0.3584,-1.3716,0.3835
-0.3328,-1.2278,0.2502
-0.3232,-1.1677,0.1362
-0.2646,-1.301,0.0444
-0.207,-1.217,-0.0574
-0.1765,-0.8643,-0.1125
-0.1743,-0.624,-0.0449
-0.2188,-0.6812,-0.022
-0.2407,-0.8154,0.0198
-0.3101,-0.9744,0.0688
-0.4546,-1.1421,0.1748
-0.4907,-1.2549,0.1943
-0.5293,-1.4636,0.1919
-0.5437,-0.8965,0.3811
-0.5669,-0.7781,0.6316
-0.6672,-1.0276,0.4941
-0.3757,-1.0012,0.5151
-0.3948,-0.8738,0.4717
-0.407,-0.8513,0.3552
-0.335,-0.9312,0.3279
-0.2227,-0.9934,0.2668
-0.1863,-1.0083,0.2261
-0.1775,-1.0042,0.1602
-0.1404,-0.9465,0.1792
-0.1682,-0.9075,0.1902
-0.2004,-0.9084,0.1875
-0.2505,-0.908,0.196
-0.2834,-0.925,0.2
-0.3284,-0.9507,0.2283
-0.334,-0.9526,0.2627
-0.3301,-0.9563,0.2732
-0.3313,-0.9661,0.2754
-0.3384,-0.9524,0.2678
-0.3411,-0.9497,0.2695
-0.3315,-0.9351,0.2366
-0.3206,-0.9229,0.2166
-0.3047,-0.9287,0.2075
-0.3003,-0.9216,0.2285
-0.3127,-0.915,0.2246
-0.3098,-0.9158,0.2456
-0.302,-0.9336,0.2639
-0.3169,-0.9351,0.2568
-0.3315,-0.9226,0.2754
-0.3665,-0.9463,0.2732
-0.3555,-0.9309,0.2573
-0.3767,-0.9434,0.2732
-0.5698,-0.9963,0.3203
-0.9224,-1.0688,0.3303
-0.8103,-1.1421,0.4431
-0.677,-1.0901,0.5779
-0.5718,-0.9197,0.5789
-0.2957,-0.8123,0.6384
-0.1155,-0.666,0.675
-0.0886,-0.5652,0.7454
0.1028,-0.4248,0.7305
0.0757,-0.3906,0.7812
0.2271,-0.2976,0.7942
0.3167,-0.1919,0.7551
0.2354,-0.1934,0.8413
0.3018,-0.1409,0.8223
0.3386,-0.1406,0.8513
0.4111,-0.1104,0.8926
0.5981,-0.27,0.75
0.2734,-0.012,0.9578
0.4062,-0.0002,0.9834
0.3921,0.0247,0.9946
0.3721,-0.0508,1.0098
0.3904,-0.0586,1.0076
0.2869,-0.043,1.0107
0.3054,-0.0605,1.0356
0.2791,-0.0637,1.0066
0.3101,-0.0889,1.0281
0.2791,-0.0723,1.0015
0.2568,-0.0261,1.0178
0.2646,-0.0571,0.9988
0.2805,-0.0359,1.0139
0.249,-0.0635,1.0295
